{"camera_matrix": [[1093.8521316415372, 0.0, 624.6529909969929], [0.0, 1096.3914612853257, 310.0192815736832], [0.0, 0.0, 1.0]], "distortion": [[0.1447499902086662, -0.9167329300616628, -0.00017179114218915644, -0.0009813203945063418, 1.2651870329280974]]}